Layer,Mean_Vel_Exp_m/s,Mean_Vel_Sim_m/s,Difference_m/s,Rel_Diff_%
90°,1.2055811203733091,1.1017528128956475,-0.10382830747766159,-8.612303703421556
